{"cameraMode":{"drawMode":0,"name":"Shaded","section":"Shading Mode"},"sceneLighting":true,"audioPlay":false,"sceneViewState":{"m_AlwaysRefresh":false,"showFog":true,"showSkybox":true,"showFlares":true,"showImageEffects":true,"showParticleSystems":true,"showVisualEffectGraphs":true,"m_FxEnabled":true},"in2DMode":false,"pivot":{"x":44.47226333618164,"y":7.311922073364258,"z":45.083885192871097},"rotation":{"x":0.05727823078632355,"y":0.002989170840010047,"z":-0.00017256420687772334,"w":0.9983624219894409},"size":31.697589874267579,"orthographic":false}